index,D_0__Archaea;D_1__Crenarchaeota,D_0__Archaea;D_1__Euryarchaeota,D_0__Archaea;D_1__Nanoarchaeaeota,D_0__Archaea;D_1__Thaumarchaeota,D_0__Bacteria;D_1__Actinobacteria,D_0__Bacteria;D_1__Cyanobacteria,D_0__Bacteria;D_1__Elusimicrobia,D_0__Bacteria;D_1__Latescibacteria,D_0__Bacteria;D_1__Patescibacteria,D_0__Bacteria;D_1__Proteobacteria,D_0__Bacteria;D_1__Rokubacteria,Unassigned;__,BarcodeSequence,LinkerPrimerSequence,Day,well-id,latitude,longitude,location,EVO-presence,DNA-id,barcode-id,Description,Nitrate(mg/L),Sulfate(mg/L),Acetate(uM),Iron(ppb),Mn(ppb),U(ppb),pH,hydro(us/cm),ReDox(mV),Red.Ox,injection.proximity,time.post.injection
1-EVO-FW216,0,4,260,218,291,21,0,0,2602,246406,276,0,GTCATATCGTAC,ATTAGAWACCCBDGTAGTCCGGCTGACTGACT,1,FW216,35.97567105,84.27471076,down-gradient,EVO,43,78,1-EVO-FW216,9.5,63.18,na,13.103,158.886,1245.155,7.46,762.2,-110,strong reducing,2m,1.day
106-CONTROL,20,202,26,21,576,72,3,26,37,2081,30,0,GAACTAGTCACC,ATTAGAWACCCBDGTAGTCCGGCTGACTGACT,106,FW215,35.97571524,84.27472215,up-gradient,NoEVO,28,72,106-CONTROL,20.6448,63.9647,63.7513,5.368,237.627,855.005,7.66,602.3,-23,reducing,2m,8.day
106-EVO-FW216,2691,11400,2853,1309,27249,4783,747,2075,5490,107216,1476,14,GACGGAACCCAT,ATTAGAWACCCBDGTAGTCCGGCTGACTGACT,106,FW216,35.97567105,84.27471076,down-gradient,EVO,29,73,106-EVO-FW216,27.4708,62.0951,70.4136,-11.687,636.436,1133.071,6.72,617.9,25,reducing,2m,8.day
106-EVO-GP01,1953,8273,2043,750,19081,4129,85,1736,2857,81120,887,28,CCTGAACTAGTT,ATTAGAWACCCBDGTAGTCCGGCTGACTGACT,106,GP01,35.97564854,84.27470382,down-gradient,EVO,31,75,106-EVO-GP01,27.4569,60.4031,105.8124,814.108,149.72,685.838,6.6,730.9,24,oxidizing,control,8.day
106-EVO-GP03,2477,7789,4353,1088,21385,5423,462,1967,27613,141873,699,51,CTTCGGCAGAAT,ATTAGAWACCCBDGTAGTCCGGCTGACTGACT,106,GP03,35.97559505,84.27468959,down-gradient,EVO,32,76,106-EVO-GP03,10.3373,59.4923,256.7487,14003.95,8327.689,268.699,6.62,604.6,25,reducing,7m,8.day
106-EVO-MLSB3,1436,4642,2338,613,16354,2187,345,1788,2367,78149,440,0,CAAGCATGCCTA,ATTAGAWACCCBDGTAGTCCGGCTGACTGACT,106,MLSB3,35.97567215,84.27469319,down-gradient,EVO,30,74,106-EVO-MLSB3,6.8527,59.2133,10.0046,2197.104,1173.5,675.136,6.64,601.1,11,reducing,4m,8.day
50-EVO-GP03,47,348,60,29,587,123,7,38,682,1571,20,0,GCACGACAACAC,ATTAGAWACCCBDGTAGTCCGGCTGACTGACT,50,GP03,35.97559505,84.27468959,down-gradient,EVO,23,67,50-EVO-GP03,0.32,3.98,170.39,0.996,1214.038,302.329,7.48,755.7,-7,weak,7m,50.day
78-CONTROL,60,332,93,84,572,152,8,41,139,3997,64,6,ATCGATCTGTGG,ATTAGAWACCCBDGTAGTCCGGCTGACTGACT,78,FW215,35.97571524,84.27472215,up-gradient,NoEVO,24,68,78-CONTROL,13.4386,61.9627,na,-1.075,7.845,1068.381,7.48,601.9,-223,strong reducing,control,78.day
78-EVO-FW216,27,318,77,45,650,86,17,49,109,3379,23,0,TGAGCCGGAATC,ATTAGAWACCCBDGTAGTCCGGCTGACTGACT,78,FW216,35.97567105,84.27471076,down-gradient,EVO,26,70,78-EVO-FW216,19.35,57.4379,na,278.436,605.665,830.286,7,607.7,-368,strong reducing,7m,78.day
78-EVO-GP01,0,0,6,0,0,0,0,0,5,23,0,0,TTGCGCATACTA,ATTAGAWACCCBDGTAGTCCGGCTGACTGACT,78,GP01,35.97564854,84.27470382,down-gradient,EVO,45,80,78-EVO-GP01,1.7634,51.848,na,-5.101,406.683,828.182,7.03,655.7,-397,strong reducing,2m,78.day
78-EVO-GP03,21,146,185,79,251,97,24,0,772,1879,24,0,CTTGTGTCGATA,ATTAGAWACCCBDGTAGTCCGGCTGACTGACT,78,GP03,35.97559505,84.27468959,down-gradient,EVO,25,69,78-EVO-GP03,20.2502,56.1272,14.3145,-11.339,550.075,1349.322,7.05,600,-393,weak,2m,78.day
78-EVO-MLSB3,0,4,3,0,0,0,0,0,3,9,0,0,GGAAACCACCAC,ATTAGAWACCCBDGTAGTCCGGCTGACTGACT,78,MLSB3,35.97567215,84.27469319,down-gradient,EVO,44,79,78-EVO-MLSB3,3.8669,54.0828,na,44.34,493.798,1364.782,7.05,598.4,11,strong reducing,4m,78.day
8-CONTROL,0,59,628,118,1178,1432,44,6,1377,5571,26,0,TTCCTAGGTGAG,ATTAGAWACCCBDGTAGTCCGGCTGACTGACT,8,FW215,35.97571524,84.27472215,up-gradient,NoEVO,8,66,8-CONTROL,12.5,68.53,na,293.135,135.122,1174.664,6.83,672.4,14,reducing,control,106.day
8-EVO-FW216,43,273,28,48,875,79,11,19,50,2487,17,3,GAAGTTGGAAGT,ATTAGAWACCCBDGTAGTCCGGCTGACTGACT,8,FW216,35.97567105,84.27471076,down-gradient,EVO,7,65,8-EVO-FW216,2.49,45.15,94.7,2404.251,11604.201,1118.615,6.91,720.7,-67,oxidizing,2m,106.day
8-EVO-GP01,10,96,23,13,221,10,0,14,3,4268,10,0,GCGGCAATTACG,ATTAGAWACCCBDGTAGTCCGGCTGACTGACT,8,GP01,35.97564854,84.27470382,down-gradient,EVO,27,71,8-EVO-GP01,na,52.78,189.67,146.407,11889.884,1041.662,6.99,713.5,-96,weak,2m,106.day
8-EVO-GP03,29,372,159895,11731,846,58,1312,41,205109,24941,185,66,ACGGGACATGCT,ATTAGAWACCCBDGTAGTCCGGCTGACTGACT,8,GP03,35.97559505,84.27468959,down-gradient,EVO,42,77,8-EVO-GP03,0.88,50.33,64.61,2222.183,8272.572,989.876,6.93,594.1,-22,oxidizing,4m,106.day
8-EVO-MLSB3,27,175,18,15,831,59,8,35,8,1949,47,0,GAGTGGTAGAGA,ATTAGAWACCCBDGTAGTCCGGCTGACTGACT,8,MLSB3,35.97567215,84.27469319,down-gradient,EVO,6,64,8-EVO-MLSB3,na,33.41,610.66,4579.997,1849.679,1076.655,6.93,782.8,-62,oxidizing,7m,106.day